Category,Source,Segment,Access Model,Middle East Coverage?,Middle East Notes,Description,Coverage,Update Cadence,Interfaces,Auth/Access,Formats,Pros,Cons,Price,Commercial Use / License,Product URL,Pricing/Docs URL,Source URL,Domain,Cost Model,Middle East Suitability,Update Latency Class,Spatial Precision Class,Integration Complexity,Licensing / Commercial-use Risk,Operational Dependency Risk,Recommendation,Recommendation Rationale
Construction/Admin,BLDS (Building & Land Development Specification),Permit-data standard,Truly free/public,Depends,Only where an authority adopts the standard.,Open data specification for publishing building and construction permit data in a standardized structure.,Only where adopted by local governments,"N/A (specification, not a feed)",Specification / downloadable schema,Open specification,CSV/JSON schema patterns depending on implementation,Normalizes permit data across jurisdictions,Adoption is limited; not itself a live feed,Free,Open standard; actual dataset terms depend on publisher,https://permitdata.org/,https://permitdata.org/about.html,https://permitdata.org/,administrative-public-records,Truly free/public,Depends,low,medium,medium,low,low,phase-1,Free-first and Middle East-capable source with direct operational value.
Construction/Admin,Municipal open-data portals (Socrata / SODA),Permits / inspections / approvals,Truly free/public,Depends,Only if the target Middle East authority publishes open datasets or APIs.,"Public city/county datasets for building permits, inspections, violations, zoning cases, and development approvals; common first stop for authoritative workflow events.",Jurisdiction-specific; only where published by the city/county,Dataset-specific; often daily to near-real-time,REST / SODA API,Usually public read; app token recommended for higher throttling limits,"JSON, CSV, GeoJSON",Authoritative permit workflow; easy incremental sync; low cost,Fragmented schemas and uneven coverage by jurisdiction,Free/public read access,Usually open-data terms vary by jurisdiction; verify local reuse terms,https://dev.socrata.com/,https://dev.socrata.com/docs/app-tokens.html,https://dev.socrata.com/docs/app-tokens.html,administrative-public-records,Truly free/public,Depends,high,medium,medium,medium,medium,phase-1,Free-first and Middle East-capable source with direct operational value.
Construction/Admin,Open311 GeoReport v2,Complaints / civic signals,Truly free/public,Depends,Only where a city or authority implements Open311 or a compatible public complaint API.,"Standard API used by some cities for service requests and complaints, including construction noise, blocked sidewalks, debris, and illegal work reports.",Only jurisdictions that implement Open311,Operational / near-real-time where implemented,HTTP API,Varies by city; many reads are public,XML and/or JSON,Fast indirect signal of field activity; useful supplement to permits,Noisy and indirect; not proof of progress,Free/public where implemented,Jurisdiction-specific terms,https://wiki.open311.org/GeoReport_v2/,https://wiki.open311.org/GeoReport_v2/Servers/,https://wiki.open311.org/GeoReport_v2/,administrative-public-records,Truly free/public,Depends,high,medium,medium,medium,medium,phase-2,Deferred pending proof of value or local data availability.
Construction/Admin,ArcGIS Feature Services (municipal GIS),Permits / parcels / zoning / public works,Mixed: public or enterprise,Depends,Only if the target authority exposes public ArcGIS services.,"Spatial feature services used by many governments to expose permits, parcels, zoning, capital projects, and public works layers queryable by AOI.",Jurisdiction-specific; common in Esri-based local GIS portals,Dataset-specific; often daily to live/operational extracts,REST,Public if layer is public; API key or token if private,"JSON, GeoJSON, PBF",Geometry-native; good for AOI filtering and map overlays,Still fragmented by agency; service limits vary,Free/public if the layer is public; otherwise organization subscription/tenant access,Reuse depends on the publishing agency terms,https://developers.arcgis.com/documentation/portal-and-data-services/data-services/feature-services/query-features/,https://developers.arcgis.com/documentation/portal-and-data-services/data-services/feature-services/query-features/,https://developers.arcgis.com/documentation/portal-and-data-services/data-services/feature-services/query-features/,administrative-public-records,Mixed: public or enterprise,Depends,high,medium,medium,medium,medium,phase-1,Free-first and Middle East-capable source with direct operational value.
Construction/Admin,Accela APIs,Direct permitting system integration,Commercial/enterprise,Depends,Available only in jurisdictions that use Accela and grant access.,API platform for municipalities using Accela permitting and licensing workflows.,Only Accela customers / partnered jurisdictions,Operational system of record,REST APIs,Requires tenant access / partnership credentials,JSON,"Rich workflow detail, inspections, and status data",Not openly accessible in most cases; enterprise integration effort,Enterprise / custom quote,Contract-based,https://developer.accela.com/,https://developer.accela.com/,https://developer.accela.com/,administrative-public-records,Commercial/enterprise,Depends,medium-to-high,medium,high,high,medium,future/premium,"Valuable escalation path, but cost, licensing, or integration complexity is too high for initial release."
Construction/Admin,OpenGov Developer Catalog,Direct municipal workflow integration,Commercial/enterprise,Depends,Available only in jurisdictions that use OpenGov and grant access.,"API catalog for selected OpenGov products that may expose budget, procurement, workflow, and operational government data.",Only OpenGov customer organizations,Operational system of record,APIs / catalog,Requires customer or partner access,JSON / product-specific,Can provide direct system-level access where deployed,Enterprise-only and tenant-specific,Enterprise / custom quote,Contract-based,https://developer.opengov.com/catalog,https://developer.opengov.com/catalog,https://developer.opengov.com/catalog,administrative-public-records,Commercial/enterprise,Depends,medium-to-high,medium,high,high,medium,future/premium,"Valuable escalation path, but cost, licensing, or integration complexity is too high for initial release."
Construction/Admin,Tyler Technologies API Catalog,Direct municipal ERP / permitting integration,Commercial/enterprise,Depends,Available only in jurisdictions that use Tyler products and grant access.,"APIs and connectors across Tyler government products; potentially useful for permitting, asset management, and related civic workflows.",Only Tyler customer organizations,Operational system of record,REST APIs / connectors,Requires client / vendor access,JSON and product-specific schemas,Deep system integration if the municipality uses Tyler,Enterprise access only; uneven public exposure,Enterprise / custom quote,Contract-based,https://www.tylertech.com/products/enterprise-erp/api-catalog,https://www.tylertech.com/products/enterprise-erp/api-catalog,https://www.tylertech.com/products/enterprise-erp/api-catalog,administrative-public-records,Commercial/enterprise,Depends,medium-to-high,medium,high,high,medium,future/premium,"Valuable escalation path, but cost, licensing, or integration complexity is too high for initial release."
Satellite/Public,Copernicus Sentinel-1 (CDSE),SAR imagery,Truly free/public,Yes,Global SAR coverage includes the Middle East.,Global C-band SAR imagery for day/night and all-weather monitoring; useful when optical imagery is blocked by clouds.,Global,Frequent revisits; mission-dependent,"STAC, OData, APIs, OGC via ecosystem tools",Account registration required for API use,STAC/JSON metadata; SAR products,Works through cloud and darkness; free official archive,Harder analytics and interpretation than optical imagery,Free,"Free for public, scientific, and commercial users; fair-use quotas apply",https://dataspace.copernicus.eu/data-collections/copernicus-sentinel-missions/sentinel-1,https://documentation.dataspace.copernicus.eu/FAQ.html,https://dataspace.copernicus.eu/data-collections/copernicus-sentinel-missions/sentinel-1,imagery-public,Truly free/public,Yes,medium,medium,low,low,low,phase-1,Free-first and Middle East-capable source with direct operational value.
Satellite/Public,Copernicus Sentinel-2 (CDSE),Optical imagery,Truly free/public,Yes,Global satellite coverage includes the Middle East.,"Global multispectral optical imagery with 10 m bands suitable for broad-area monitoring of earthworks, large sites, and land-cover change.",Global,~5-day revisit for the constellation,"STAC, OData, APIs, OGC via ecosystem tools",Account registration required for API use,STAC/JSON metadata; Sentinel products / COGs depending on access path,"Free, official, global, good revisit cadence",10 m is too coarse for many small urban sites; clouds affect utility,Free,"Free for public, scientific, and commercial users; fair-use quotas apply",https://dataspace.copernicus.eu/data-collections/copernicus-sentinel-missions/sentinel-2,https://documentation.dataspace.copernicus.eu/FAQ.html,https://dataspace.copernicus.eu/data-collections/copernicus-sentinel-missions/sentinel-2,imagery-public,Truly free/public,Yes,medium,medium,low,low,low,phase-1,Free-first and Middle East-capable source with direct operational value.
Satellite/Public,Earth Search (Element 84),Open imagery catalog,Truly free/public,Yes,Indexes global open-data collections including Middle East scenes.,"Free STAC catalog over open geospatial datasets on AWS including Sentinel-1, Sentinel-2, Landsat, and NAIP.",Global / dataset-dependent,As source datasets are ingested,STAC API,Public,STAC JSON; links to cloud-native assets,Excellent developer experience; one search layer for multiple open datasets,Catalog only; your own compute/storage/egress can still cost money,Free-to-use API,Underlying dataset licenses still apply,https://element84.com/earth-search/,https://element84.com/earth-search/,https://element84.com/earth-search/,imagery-public,Truly free/public,Yes,medium,medium,low,low,low,phase-1,Free-first and Middle East-capable source with direct operational value.
Satellite/Public,Mapillary,Street-level imagery,Truly free/public,Partial,Street-level coverage exists in some Middle East areas but depends on contributors and partners.,"Crowdsourced street-level imagery and detections, useful for contextual validation around visible site edges and roads.",Global but highly uneven,Contributor-driven / irregular,Mapillary API,API access via tokens; platform usage is free,"Images, vector detections, API JSON",Ground-level confirmation; free platform,Not overhead imagery; coverage may be sparse or outdated,Free,Free to use; imagery shared under CC-BY-SA / attribution applies,https://www.mapillary.com/developer/api-documentation,https://help.mapillary.com/hc/en-us/articles/360010234680-Accessing-imagery-and-data-through-the-Mapillary-API,https://help.mapillary.com/hc/en-us/articles/8348198426396-Mapillary-FAQ,imagery-public,Truly free/public,Partial,low,high,medium,medium,high,phase-2,"Useful after MVP once core ingestion, storage, and replay are stable."
Satellite/Public,NASA GIBS,Browse / visualization imagery services,Truly free/public,Yes,Global imagery layers include the Middle East.,NASA service for responsive access to global imagery layers and time-enabled browse services.,Global,Daily to mission-dependent,"WMTS, WMS, TWMS, GDAL-friendly endpoints",Generally open; Earthdata ecosystem context may apply,"Tiles, imagery services",Fast visualization and time browsing,"Mostly visualization-oriented, not a primary high-resolution monitoring feed",Free,NASA open data terms generally apply unless otherwise stated,https://www.earthdata.nasa.gov/engage/open-data-services-software/earthdata-developer-portal/gibs-api,https://www.earthdata.nasa.gov/engage/open-data-services-software/earthdata-developer-portal/gibs-api,https://www.earthdata.nasa.gov/engage/open-data-services-software/earthdata-developer-portal/gibs-api,imagery-public,Truly free/public,Yes,medium,medium,low,low,low,phase-1,Free-first and Middle East-capable source with direct operational value.
Satellite/Public,NASA HLS (Harmonized Landsat Sentinel-2),Analysis-ready optical time series,Truly free/public,Yes,Global land coverage includes the Middle East (except Antarctica).,Harmonized surface reflectance product combining Landsat and Sentinel-2 for easier multi-temporal analysis.,Global land,1.6 to 3 days depending on area/product,Earthdata / cloud catalogs / APIs,Earthdata login for some access paths,Analysis-ready raster products and metadata,Easier time-series analysis than mixing raw missions,30 m output limits site-level detail,Free,Open/public NASA data access,https://www.earthdata.nasa.gov/data/projects/hls,https://www.earthdata.nasa.gov/data/projects/hls,https://www.earthdata.nasa.gov/data/projects/hls,imagery-public,Truly free/public,Yes,medium,medium,medium,low,low,phase-2,"Useful after MVP once core ingestion, storage, and replay are stable."
Satellite/Public,OpenAerialMap,Open aerial / UAV imagery discovery,Truly free/public,Partial,Can include Middle East imagery if contributors have uploaded it; coverage is irregular.,Search and access openly licensed aerial and UAV imagery contributed by many organizations.,Patchy / contributor-dependent,Irregular,Web app / imagery services / docs,Open access; heavy use should be coordinated,Imagery and metadata,Can provide high-resolution local imagery where available,Coverage and licensing vary by source; not systematic,Free (reasonable use),Openly licensed imagery; attribution and source-specific license checks still required,https://openaerialmap.org/,https://openaerialmap.org/legal/,https://openaerialmap.org/legal/,imagery-public,Truly free/public,Partial,low,high,medium,medium,high,phase-2,"Useful after MVP once core ingestion, storage, and replay are stable."
Satellite/Public,USDA/USGS NAIP,Aerial imagery,Truly free/public,No,U.S.-only aerial imagery; not a Middle East source.,U.S. high-resolution aerial imagery useful for visual confirmation and historical snapshots.,United States (primarily CONUS),Typically every 2–3 years by area,"Bulk download, imagery services, cloud mirrors",Public,Raster imagery / services,Much higher detail than Sentinel/Landsat; public domain,U.S.-only and not near-real-time,Free,Public domain,https://www.usgs.gov/centers/eros/science/usgs-eros-archive-aerial-photography-national-agriculture-imagery-program-naip,https://www.usgs.gov/centers/eros/science/usgs-eros-archive-aerial-photography-national-agriculture-imagery-program-naip,https://www.usgs.gov/centers/eros/science/usgs-eros-archive-aerial-photography-national-agriculture-imagery-program-naip,imagery-public,Truly free/public,No,low,medium,medium,medium,medium,do-not-use-now,Not relevant to Middle East target geography or not useful for current MVP.
Satellite/Public,USGS Landsat 8/9,Optical imagery,Truly free/public,Yes,Global land coverage includes the Middle East.,Long-running global land-imagery program; best free historical baseline for large-area change analysis.,Global land and nearshore,~8-day combined Landsat 8/9 revisit over land,"USGS apps, M2M API, cloud-hosted mirrors",Often login/account required for some workflows,"Standard Landsat scenes, metadata JSON","Free, public domain, long archive, authoritative",30 m is too coarse for most site-level construction tracking,Free,Public domain; USGS asks for attribution,https://www.usgs.gov/landsat-missions/landsat-data-access,https://www.usgs.gov/faqs/are-landsat-data-cloud-still-considered-be-within-public-domain,https://www.usgs.gov/landsat-missions/landsat-data-access,imagery-public,Truly free/public,Yes,medium,medium,low,low,low,phase-1,Free-first and Middle East-capable source with direct operational value.
Satellite/Public,Microsoft Planetary Computer,Open imagery catalog + access layer,Truly free/public (data) + paid cloud extras,Yes,Hosted global collections include Middle East scenes.,Public catalog and APIs for petabyte-scale environmental and Earth observation datasets; useful for STAC access and cloud-native workflows.,Global / dataset-dependent,As source datasets update,"STAC API, Explorer, tokens for data access",Many public APIs/data accessible without account; some tokenized access flows and Pro offerings exist,"STAC JSON, cloud-native assets",Good hosted access to many public datasets; analysis-ready ecosystem,Public catalog is not a dedicated tasking/monitoring service; Pro features are paid,Hosted public data free; extra Azure compute/storage and Planetary Computer Pro are paid,Underlying dataset licenses apply; Azure services can add cost,https://planetarycomputer.microsoft.com/,https://www.earthdata.nasa.gov/news/blog/harmonized-landsat-sentinel-2-hls-data-now-available-microsofts-planetary-computer,https://planetarycomputer.microsoft.com/docs,imagery-public,Truly free/public (data) + paid cloud extras,Yes,medium,medium,medium,medium,medium,phase-1,Free-first and Middle East-capable source with direct operational value.
Satellite/Commercial,Sentinel Hub,Hosted EO APIs,Freemium,Yes,Global processing platform supports Middle East areas where source data exists.,"Commercial API layer for accessing, processing, and delivering Sentinel and partner datasets without building your own EO infrastructure.",Global,Near-source availability,"OGC APIs, Processing, Catalog, Statistics APIs",Account + OAuth / API credentials,"Rendered imagery, TIFF/PNG/JPEG, JSON statistics",Very strong developer UX; processing APIs and cloud masks out of the box,You pay for infrastructure and premium features even when source Sentinel data is free,30-day free trial; paid plans start around €25/month consumer/research and €83.25/month commercial,Trial is not for commercial use; subscription required for production/commercial use,https://www.sentinel-hub.com/,https://www.sentinel-hub.com/develop/api/ogc/,https://www.sentinel-hub.com/develop/api/ogc/,imagery-commercial,Freemium,Yes,medium,high,high,high,medium,future/premium,"Valuable escalation path, but cost, licensing, or integration complexity is too high for initial release."
Satellite/Commercial,UP42,EO marketplace / broker,Freemium / commercial,Yes,"Marketplace includes global provider coverage including the Middle East, depending on supplier and product.","Marketplace for archive imagery, tasking, and processing from multiple providers with transparent ordering workflow.",Global / provider-dependent,Provider-dependent,Platform + APIs / SDKs,Account required,Provider-specific standardized through platform,Single platform for multiple providers and processing blocks,Still commercial; dependency on marketplace economics and partner availability,Free signup; paid per order / transparent pricing on platform,Contract/platform terms apply per product,https://up42.com/,https://up42.com/,https://up42.com/,imagery-commercial,Freemium / commercial,Yes,medium,high,high,high,medium,future/premium,"Valuable escalation path, but cost, licensing, or integration complexity is too high for initial release."
Satellite/Commercial,ICEYE SAR APIs,Commercial SAR imagery,Commercial/enterprise,Yes,Global SAR tasking/archive includes the Middle East subject to contract/compliance.,Tasking and catalog APIs for high-revisit SAR imagery and archive access.,Global,Near-real-time / tasking-dependent,"Tasking API, Catalog API",Commercial contract + API auth,"STAC items, SAR imagery, pricing quote endpoints",Cloud-agnostic all-weather monitoring; built for automation,Commercial contracts required; SAR interpretation complexity,Commercial / contract pricing; task/frame price via API within contract,Contract-based commercial licensing,https://www.iceye.com/sar-data/api,https://docs.iceye.com/constellation/api/tasking/get-task-price/,https://www.iceye.com/sar-data/api,imagery-commercial,Commercial/enterprise,Yes,high,high,high,high,medium,future/premium,"Valuable escalation path, but cost, licensing, or integration complexity is too high for initial release."
Satellite/Commercial,Maxar APIs,Very-high-resolution optical imagery,Commercial/enterprise,Yes,Global commercial imagery coverage includes Middle East tasking/archive subject to contract/compliance.,Ordering and streaming APIs for high-resolution imagery and analytics.,Global,Archive + tasking-dependent,"Ordering API, Streaming APIs, OGC services",Commercial account / credentials,"Imagery files, WMS/WMTS/WFS, metadata",Very high spatial detail; strong fit for small urban sites,Expensive and procurement-heavy; quote-based,Commercial / custom quote,Contract-based commercial licensing,https://developers.maxar.com/docs/,https://developers.maxar.com/docs/ordering/,https://developers.maxar.com/docs/ordering/,imagery-commercial,Commercial/enterprise,Yes,medium,high,high,high,medium,future/premium,"Valuable escalation path, but cost, licensing, or integration complexity is too high for initial release."
Satellite/Commercial,Planet (Data / Orders / Subscriptions APIs),High-frequency optical imagery,Commercial/enterprise,Yes,Global commercial imagery service includes the Middle East subject to contract/compliance.,"Commercial EO platform for archive, subscriptions, tasking, and continuous delivery of optical imagery over AOIs.",Global,Near-daily to tasking-dependent,"REST APIs (Data, Orders, Subscriptions, Basemaps)",API credentials / commercial account,"JSON metadata, imagery products, basemaps",Best operational cadence for optical monitoring; strong APIs,Paid; cost can be material for broad monitoring at scale,Commercial / custom quote or subscription,Contract-based commercial licensing,https://docs.planet.com/develop/apis/,https://docs.planet.com/develop/apis/subscriptions/,https://docs.planet.com/develop/apis/subscriptions/,imagery-commercial,Commercial/enterprise,Yes,medium,high,high,high,medium,future/premium,"Valuable escalation path, but cost, licensing, or integration complexity is too high for initial release."
Satellite/Commercial,Google Earth Engine,Planet-scale geospatial processing,Free non-commercial / paid commercial,Yes,Global catalog supports Middle East analysis.,Processing platform with massive public data catalog and large-scale analytics; useful for prototyping and operational geospatial pipelines.,Global,Catalog updated/expanded daily,"JavaScript API, Python API",Google Cloud project + Earth Engine access,"Server-side geospatial objects, exports, tables, rasters",Powerful processing at scale; huge data catalog,Not a raw delivery API; operational/commercial use is paid and quota-governed,Noncommercial use free; commercial use requires subscription fee + compute/storage charges,Commercial use must be paid; noncommercial access has eligibility rules,https://earthengine.google.com/,https://cloud.google.com/earth-engine/pricing,https://developers.google.com/earth-engine/guides,imagery-commercial,Free non-commercial / paid commercial,Yes,medium,medium,high,high,medium,future/premium,"Valuable escalation path, but cost, licensing, or integration complexity is too high for initial release."
Maritime Tracking,AISStream,Live AIS vessel positions / streaming,Truly free/public,Yes,Global AIS stream generally includes Middle East traffic where upstream coverage exists.,"Free WebSocket stream for live AIS vessel positions, identities, port calls, and related maritime events.",Global / most of the globe via community and upstream data sources,Real-time streaming,WebSocket,Free API key / registration required,JSON over WebSocket,Truly free stream; easy to integrate for live vessel tracking; low-latency push model,Coverage quality can vary; historical archive and enterprise guarantees are limited,Free,Check provider terms before commercial production use,https://aisstream.io/,https://aisstream.io/documentation,https://aisstream.io/,maritime-tracking,Truly free/public,Yes,high,high,low,medium,high,phase-1,Free-first and Middle East-capable source with direct operational value.
Maritime Tracking,Marine Cadastre / AccessAIS,US vessel traffic data,Truly free/public,No,U.S. coastal waters only; not a Middle East source.,U.S. government access point for AIS vessel traffic data and summaries.,United States waters / coast guard data scope,Historical and periodic releases,"Bulk download, hub datasets, OGC/hub resources",Public,"Downloads, GIS layers, summaries",Authoritative U.S. public-source AIS data,Not global; more historical/bulk than low-latency operational API,Free,Public-sector/open data terms apply,https://marinecadastre.gov/accessais/,https://hub.marinecadastre.gov/,https://marinecadastre.gov/accessais/,maritime-tracking,Truly free/public,No,low,medium,medium,medium,medium,do-not-use-now,Not relevant to Middle East target geography or not useful for current MVP.
Maritime Tracking,AISHub,AIS ship positions,Free with contribution requirement,Partial,"Community AIS coverage may include Middle East waters/ports, but density depends on feeder stations.",Community AIS sharing service providing aggregated real-time vessel positions through API for contributors.,Global but coastal/terrestrial-station biased,Near-real-time,Webservice API,Membership + contribution of at least one AIS feed for full aggregated access,"XML, JSON, CSV",Low-cost/free access to raw AIS data for contributors,Coverage depends on community feeders; request interval limited,Free if you contribute a qualifying AIS feed,Service terms apply; feed contribution required for best access,https://www.aishub.net/,https://www.aishub.net/api,https://www.aishub.net/api,maritime-tracking,Free with contribution requirement,Partial,high,high,medium,medium,high,phase-2,"Useful after MVP once core ingestion, storage, and replay are stable."
Maritime Tracking,Global Fishing Watch,Fishing-vessel identity / presence / SAR context,Free non-commercial / restricted commercial,Yes,Global ocean coverage includes Middle East waters and EEZs.,"APIs and tools built around AIS-derived vessel identity, fishing effort, presence heatmaps, and related marine context layers.",Global fishing and maritime context datasets,Dataset-dependent,"REST APIs, tiles, downloads",API access token required,"JSON, PNG, MVT, context layers",Strong value for fishing-vessel identity and activity analysis; includes public registry fusion,Focused on fisheries and public-interest use cases rather than general commercial shipping ops,Free for non-commercial API use; commercial licensing terms apply,APIs only for non-commercial purposes; business/commercial use needs additional licensing terms,https://globalfishingwatch.org/our-apis/documentation,https://globalfishingwatch.org/our-apis/documentation,https://globalfishingwatch.org/vessel-viewer-tool/,maritime-tracking,Free non-commercial / restricted commercial,Yes,medium,medium,medium,medium,high,phase-2,"Useful after MVP once core ingestion, storage, and replay are stable."
Maritime Tracking,MarineTraffic AIS API,Commercial vessel tracking,Freemium / commercial,Yes,Global ship tracking includes Middle East waters and ports.,"Commercial API for vessel positions, historical tracks, port calls, voyage forecasts, and related maritime data.",Global,Near-real-time + historical endpoints,REST API / OpenAPI,API key required,API JSON / product-specific responses,Feature-rich maritime operations dataset and API suite,Commercial licensing; Kpler ownership and usage terms apply,Freemium public tracking; API/commercial data services paid,Commercial subscription / contract terms apply,https://www.marinetraffic.com/,https://www.marinetraffic.com/en/online-services/plans,https://servicedocs.marinetraffic.com/,maritime-tracking,Freemium / commercial,Yes,high,high,high,high,high,future/premium,"Valuable escalation path, but cost, licensing, or integration complexity is too high for initial release."
Maritime Tracking,VesselFinder AIS API,Commercial vessel tracking,Freemium / commercial,Yes,Global AIS network includes Middle East waters and ports.,"API for latest vessel positions, voyage/master data, expected arrivals, and subscription-based area or fleet feeds.",Global,Near-real-time,API / subscriptions,API account / credits,"JSON, XML",Flexible mix of per-hit credits and flat-fee subscriptions,Commercial credits can add up; satellite AIS costs materially more than terrestrial AIS,Free public tracker; API is commercial / credit-based,Commercial API terms apply,https://www.vesselfinder.com/,https://api.vesselfinder.com/,https://api.vesselfinder.com/docs/,maritime-tracking,Freemium / commercial,Yes,high,high,high,high,high,future/premium,"Valuable escalation path, but cost, licensing, or integration complexity is too high for initial release."
Maritime Tracking,Spire Maritime,Commercial vessel / AIS data,Commercial/enterprise,Yes,Global maritime coverage includes the Middle East.,Commercial maritime data packages and APIs for vessel movements and maritime analytics.,Global,Near-real-time + analytics products,APIs / tailored feeds,Commercial agreement,API responses / feed products,Enterprise-grade global maritime coverage and analytics,Custom pricing; enterprise sales motion,Custom / quote-based,Contract-based commercial licensing,https://spire.com/maritime/,https://spire.com/plans/,https://spire.com/plans/,maritime-tracking,Commercial/enterprise,Yes,high,high,high,high,high,future/premium,"Valuable escalation path, but cost, licensing, or integration complexity is too high for initial release."
Aviation Tracking,OpenSky Network,Open air traffic data,Free non-commercial / restricted commercial,Partial,"Global network can show Middle East traffic, but receiver density and completeness vary by region.","Open air traffic data network providing API access, live map, and some historical retrieval for research and non-profit use.",Global but receiver-density dependent,Near-real-time,REST API and data products,Public API available; commercial use requires consent,JSON and data extracts,Strong open aviation dataset for research and prototypes,Commercial use restricted; coverage depends on receiver network,Free for personal and non-commercial use; commercial use requires prior consent,Non-commercial use only unless OpenSky grants commercial permission,https://opensky-network.org/,https://openskynetwork.github.io/opensky-api/,https://opensky-network.org/about/faq,aviation-tracking,Free non-commercial / restricted commercial,Partial,high,high,low,medium,high,phase-1,Free-first and Middle East-capable source with direct operational value.
Aviation Tracking,ADS-B Exchange,Commercial live + historical flight tracking,Freemium / commercial,Yes,Global flight-position network includes Middle East air traffic.,Unfiltered ADS-B flight tracking data including military and blocked aircraft categories absent from some competitors.,"Global, receiver-network dependent",Up to 2 Hz live updates,"Enterprise API, historical feeds, API Lite",Commercial agreement for enterprise/historical; hobbyist API Lite available,JSON,Unfiltered aircraft coverage and high-frequency updates,Commercial license required for organizational use; pricing by contact,Low-cost personal/non-commercial API via RapidAPI; enterprise API by subscription/contact sales,Enterprise/commercial subscription required for production use,https://www.adsbexchange.com/products/enterprise-api/,https://rapidapi.com/adsbx/api/adsbexchange-com1/pricing,https://www.adsbexchange.com/data/,aviation-tracking,Freemium / commercial,Yes,high,high,medium,high,high,phase-2,"Useful after MVP once core ingestion, storage, and replay are stable."
Aviation Tracking,FlightAware AeroAPI,Commercial flight status / tracking,Freemium / commercial,Yes,Global flight data products include Middle East traffic and airports.,"Commercial aviation API for flight status, tracking, airport delays, alerts, and related operational data.",Global,Near-real-time,REST API,API key / account,JSON,Mature flight-ops product with broad industry adoption,Usage-based billing can become expensive at scale,Usage-based paid API; up to $5 free/month ($10 if ADS-B feeder),Commercial service terms apply,https://www.flightaware.com/commercial/aeroapi/,https://www.flightaware.com/commercial/aeroapi/,https://www.flightaware.com/commercial/aeroapi/v3/pricing.rvt,aviation-tracking,Freemium / commercial,Yes,high,high,medium,high,high,future/premium,"Valuable escalation path, but cost, licensing, or integration complexity is too high for initial release."
Aviation Tracking,Flightradar24 API,Live aircraft positions / history / airports,Freemium / commercial,Yes,Global flight tracking includes Middle East airspace and airports.,"API for real-time aircraft positions, airline and airport information, and historic flight data.",Global,Real-time for live positions; historical archive available,REST API,API subscription required; sandbox available for testing,JSON,Strong global consumer-grade coverage and historical flight data; easy web API,Paid API; licensing and quotas apply; not open data,From $9/month for API subscriptions; sandbox testing free,Commercial subscription required,https://fr24api.flightradar24.com/,https://fr24api.flightradar24.com/subscriptions-and-credits,https://fr24api.flightradar24.com/,aviation-tracking,Freemium / commercial,Yes,high,high,medium,high,high,future/premium,"Valuable escalation path, but cost, licensing, or integration complexity is too high for initial release."
Aviation Tracking,Spire Aviation Flights Live API,Commercial flight tracking,Commercial/enterprise,Yes,Global flight tracking includes Middle East coverage.,On-demand live flight endpoint plus broader aviation analytics packages.,Global,Live/on-demand,REST API,Commercial agreement,API JSON / analytics feeds,Enterprise-grade flight and analytics products,Custom pricing; sales process required,Custom / quote-based,Contract-based commercial licensing,https://spire.com/aviation/global-flight-and-aviation-insights/,https://spire.com/plans/,https://spire.com/aviation/global-flight-and-aviation-insights/,aviation-tracking,Commercial/enterprise,Yes,high,high,high,high,high,future/premium,"Valuable escalation path, but cost, licensing, or integration complexity is too high for initial release."
Geo Tracking,openrouteservice,Routing / isochrones / geocoding / matrices,Truly free/public,Yes,Global OSM-based routing supports Middle East regions.,"Open-source geo-services platform based on OpenStreetMap data, offering routing, isochrones, matrix, geocoding, and related APIs.",Global (OSM-based),Operational APIs; underlying OSM data refreshes over time,REST APIs,Free account for hosted service; self-hosting possible,"JSON, GeoJSON",Free standard hosted plan; open-source; useful for routing/geospatial analysis,Hosted service limits; not a high-volume commercial SLA platform by default,Free standard plan,Open-source/self-hosted options available; hosted terms apply,https://openrouteservice.org/,https://account.heigit.org/info/plans,https://openrouteservice.org/,mapping-geocoding-basemap,Truly free/public,Yes,medium-to-high,medium,low,low,medium,phase-1,Free-first and Middle East-capable source with direct operational value.
Geo Tracking,Nominatim (OpenStreetMap geocoding),Open geocoding / reverse geocoding,Truly free/public with strict limits,Yes,Global OSM-based coverage includes Middle East mapping data.,Open-source geocoding software and public service for searching OSM objects and reverse geocoding coordinates.,Global where OSM has coverage,Minutely OSM updates in software / public service policies apply,HTTP API,Public server available but governed by acceptable-use policy; self-host for production scale,"JSON, XML",Open-source and inexpensive to self-host; uses rich OSM data,Public endpoint is not for heavy production loads; ODbL / attribution rules apply,Public endpoint free under strict usage policy; self-hosting cost if used at scale,OSM data is ODbL; public server acceptable-use policy is strict,https://nominatim.org/,https://operations.osmfoundation.org/policies/nominatim/,https://operations.osmfoundation.org/policies/nominatim/,mapping-geocoding-basemap,Truly free/public with strict limits,Yes,medium,medium,low,medium,high,phase-1,Free-first and Middle East-capable source with direct operational value.
Geo Tracking,Overpass API (OpenStreetMap query service),Open map feature query,Truly free/public with strict limits,Yes,Global OSM query coverage includes Middle East mapping data.,"Query engine for extracting OSM features and attributes by tag, area, or geometry.",Global where OSM has coverage,Near-current OSM extracts depending on instance,Overpass API / query language,Public instances available; self-hosting supported for scale,"JSON, XML, custom outputs",Very flexible map-feature extraction for AOI enrichment,Public instances are best-effort and rate-limited / policy-constrained,Public instances free; self-hosting cost for production scale,OSM data is ODbL; respect per-instance use policies,https://wiki.openstreetmap.org/wiki/Overpass_API,https://dev.overpass-api.de/overpass-doc/en/preface/commons.html,https://wiki.openstreetmap.org/wiki/Overpass_API,mapping-geocoding-basemap,Truly free/public with strict limits,Yes,medium,medium,low,medium,high,phase-1,Free-first and Middle East-capable source with direct operational value.
Geo Tracking,Geoapify,Geocoding / routing / IP geolocation,Freemium,Yes,Global geospatial APIs support Middle East areas.,"Location platform with geocoding, routing, map matching, boundaries, and IP geolocation APIs.",Global,On-demand,REST APIs,API key,JSON,Transparent free tier and business-friendly location platform,Not a dedicated live tracking feed; usage limits still apply,"Free tier includes 3,000 credits/day (~90,000/month); paid tiers above that",Commercial use allowed under Geoapify terms,https://www.geoapify.com/,https://www.geoapify.com/pricing-details/,https://www.geoapify.com/pricing-details/,mapping-geocoding-basemap,Freemium,Yes,medium,medium,medium,medium,medium,future/premium,"Valuable escalation path, but cost, licensing, or integration complexity is too high for initial release."
Geo Tracking,Google Maps Platform,Maps / geocoding / routes / places,Freemium / commercial,Yes,Global platform supports Middle East mapping/geocoding/routing use cases.,"Commercial location platform for basemaps, geocoding, routing, places, and related geospatial application services.",Global,Operational APIs / near-real-time depending on product,"REST APIs, SDKs",API key and billing account required,"JSON, map tiles, SDK responses",Mature global platform; strong POI/geocoding/routing ecosystem,Paid usage; licensing restrictions; can become expensive at scale,$300 trial credit; paid subscriptions from $100/month or pay-as-you-go,Commercial use supported subject to Google Maps Platform terms,https://mapsplatform.google.com/,https://mapsplatform.google.com/pricing/,https://developers.google.com/maps/billing-and-pricing/overview,mapping-geocoding-basemap,Freemium / commercial,Yes,high,medium,high,high,medium,future/premium,"Valuable escalation path, but cost, licensing, or integration complexity is too high for initial release."
Geo Tracking,HERE Platform,Maps / geocoding / routing / search,Freemium / commercial,Yes,Global location platform supports Middle East use cases.,"Global location-services platform for mapping, search, geocoding, routing, and enterprise mobility use cases.",Global,Operational APIs / near-real-time depending on product,"REST APIs, SDKs",API key / account required,"JSON, map tiles, SDK responses",Enterprise-grade mapping stack; global support; clear developer platform,Paid beyond starter usage; enterprise contracts may be needed for large-scale use,Start free; pay-as-you-grow / custom enterprise,Commercial use supported under HERE terms,https://www.here.com/platform/geocoding,https://www.here.com/get-started/pricing,https://www.here.com/get-started/pricing,mapping-geocoding-basemap,Freemium / commercial,Yes,high,medium,high,high,medium,future/premium,"Valuable escalation path, but cost, licensing, or integration complexity is too high for initial release."
Geo Tracking,Mapbox,Maps / geocoding / movement / boundaries,Freemium / commercial,Partial,General maps/search are global; some premium movement data is only available in select Middle East markets.,"Location platform for map display, geocoding, routing, navigation, and selected movement/boundary datasets.",Global maps/search; some data products have selective regional depth,Operational APIs / near-real-time depending on product,"REST APIs, SDKs, vector tiles",API token required,"JSON, vector tiles, SDK responses",Developer-friendly; customizable maps; useful APIs with free tiers,Paid at scale; some premium datasets require sales engagement; some data coverage varies by product,Free tiers for many APIs; usage-based pricing beyond free tier,Commercial use supported under Mapbox terms,https://www.mapbox.com/,https://www.mapbox.com/pricing,https://www.mapbox.com/movement-data,mapping-geocoding-basemap,Freemium / commercial,Partial,high,medium,high,high,medium,future/premium,"Valuable escalation path, but cost, licensing, or integration complexity is too high for initial release."
Geo Tracking,Mapbox Geocoding,Search / geocoding / reverse geocoding,Freemium / commercial,Yes,"Global geocoding service generally supports Middle East addresses/places, with quality varying by country.",Commercial geocoding and place search service useful for turning coordinates into addresses and vice versa.,Global,On-demand,REST API,Access token,JSON,"Generous free tier, easy developer UX, global search stack",Not a movement feed; licensing terms apply to storage/use patterns,"100,000 free requests/month, then $0.75 per 1,000 requests",Commercial use allowed under Mapbox terms,https://www.mapbox.com/geocoding,https://www.mapbox.com/geocoding,https://www.mapbox.com/geocoding,mapping-geocoding-basemap,Freemium / commercial,Yes,medium,medium,medium,high,medium,future/premium,"Valuable escalation path, but cost, licensing, or integration complexity is too high for initial release."
Geo Tracking,TomTom Maps APIs,Maps / search / routing / traffic,Freemium / commercial,Yes,TomTom publishes explicit Middle East country coverage for map APIs.,"Commercial mapping APIs and SDKs for map display, search, routing, traffic, and logistics-related geospatial services.",Global with published country-by-country market coverage,Operational APIs / near-real-time depending on product,"REST APIs, SDKs",API key / account required,"JSON, map tiles, SDK responses",Clear market coverage docs including Middle East; free daily request allowance; enterprise options available,Paid at scale; coverage depth varies by product and country,"Free daily requests (50k tile, 2.5k non-tile), then usage-based / enterprise",Commercial use supported under TomTom terms,https://developer.tomtom.com/map-display-api/documentation/tomtom-maps/product-information/market-coverage,https://docs.tomtom.com/pricing/,https://developer.tomtom.com/map-display-api/documentation/tomtom-maps/product-information/market-coverage,mapping-geocoding-basemap,Freemium / commercial,Yes,high,medium,medium,high,medium,future/premium,"Valuable escalation path, but cost, licensing, or integration complexity is too high for initial release."
Geo Tracking,TomTom Tracking & Logistics APIs,Geofencing / notifications / location history / snap-to-roads,Freemium / commercial,Yes,TomTom publishes Middle East market coverage for map-related APIs.,"APIs for geofencing, notifications, location history, and logistics workflows.",Global,On-demand / live event workflows,REST APIs,API key / developer account,JSON,Clear logistics-oriented APIs and transparent unit pricing,Commercial service; not an open data source,"Tracking/logistics APIs start at $0.75 per 1,000 requests; some endpoints higher (e.g., Snap to Roads $2.50/1,000)",Commercial use allowed under TomTom terms,https://developer.tomtom.com/,https://developer.tomtom.com/pricing,https://developer.tomtom.com/pricing,mapping-geocoding-basemap,Freemium / commercial,Yes,high,medium,high,high,medium,future/premium,"Valuable escalation path, but cost, licensing, or integration complexity is too high for initial release."
Geo Tracking,OpenCelliD,Cell-tower geolocation,Mixed / community-commercial,Yes,Global crowdsourced cell-tower database includes Middle East where community data exists.,Large open cellular tower database used for device geolocation and network-coverage analysis.,"Global, community-driven",Continuous community updates,API + downloads,API access available; community / patron model,API data / cell tower datasets,Useful alternative or supplement to GPS; broad worldwide tower database,Accuracy and completeness vary by region; public pricing not transparent,No public price listed; community/commercial access model,"Commercial/private use supported, but verify current subscription terms",https://www.opencellid.org/,https://www.opencellid.org/,https://www.opencellid.org/,mapping-geocoding-basemap,Mixed / community-commercial,Yes,medium,medium,high,medium,high,future/premium,"Valuable escalation path, but cost, licensing, or integration complexity is too high for initial release."
Geo Tracking,Traccar,GPS / fleet / asset tracking platform,Open-source / hosted paid options,Yes,"Works anywhere your GPS/IoT devices report from, including the Middle East.","Open-source GPS tracking platform for vehicle, personal, and asset tracking with self-hosted and hosted options.","Global, device/protocol dependent",Real-time device feeds,"Web app, server APIs, device protocols",Self-hosted open source or hosted subscription,"JSON/API, maps, reports","Open source, flexible, proven fleet/location tracking platform",You must supply your own trackers/devices/connectivity and operate the stack if self-hosting,Open-source self-hosted software free; hosted accounts from $9.95/mo; tracking server services from $49.95/mo,Open-source software + paid hosted/support services,https://www.traccar.org/,https://www.traccar.org/pricing/,https://www.traccar.org/pricing/,mapping-geocoding-basemap,Open-source / hosted paid options,Yes,high,medium,medium,medium,medium,phase-2,"Useful after MVP once core ingestion, storage, and replay are stable."
Geo Tracking,Google Geolocation API,Wi-Fi / cell-based geolocation,Commercial with limited credit,Yes,Global location service can resolve devices in Middle East markets where data signals exist.,API that estimates device location from nearby Wi-Fi access points and cell towers.,Global where Google location data exists,On-demand / live request,HTTPS API,Billing-enabled Google Cloud project + API key/OAuth,JSON,Fast device geolocation without GPS,Usage-based pricing and Google billing dependency; not an open dataset,Pay-as-you-go per request,Commercial use allowed under Google Maps Platform terms,https://developers.google.com/maps/documentation/geolocation/overview,https://developers.google.com/maps/documentation/geolocation/usage-and-billing,https://developers.google.com/maps/documentation/geolocation/usage-and-billing,mapping-geocoding-basemap,Commercial with limited credit,Yes,high,medium,high,high,medium,future/premium,"Valuable escalation path, but cost, licensing, or integration complexity is too high for initial release."
Contextual Events,GDELT 2.0,near-real-time event/news context,Truly free/public,Yes,Global news and event monitoring includes the Middle East where source media coverage exists.,Open event and document APIs for near-real-time contextual event/news enrichment and trend analysis.,Global,Near-real-time,REST APIs / bulk files,Public,"CSV, JSON, API responses","Fast contextual enrichment, near-real-time news/event signals, good for AOI context.",Not authoritative for permits or tracks; media bias and language coverage vary.,Free,Public access; verify downstream use and redistribution terms for derived products.,https://www.gdeltproject.org/,https://blog.gdeltproject.org/gdelt-doc-2-0-api-debuts/amp/,https://www.gdeltproject.org/,contextual-events-news,Truly free/public,Yes,medium-to-high,low-to-medium,low,medium,medium,phase-1,Required contextual layer for MVP and first correlation workflows.
